Workbook

Sheet Люди
A1: ID | B1: ПІБ | C1: Email | D1: Телефон | E1: Дата народження | F1: Посада | G1: Відділ | H1: Керівник | I1: Дата початку | J1: Дата завершення випробування | K1: Статус | L1: Дата звільнення | M1: Поточна ЗП | N1: КПІ % | O1: Performance (1-5) | P1: Impact (1-5) | Q1: Ризик звільнення | R1: Потенційна заміна | S1: Примітки
A2: 1 | B2: Іван Гнатюк | C2: ivan@company.com | D2: +380671234567 | E2: 1985-03-15 | F2: Tech Lead | G2: Tech | I2: 2021-06-03 | J2: 2021-07-03 | K2: Працює | M2: 100000 | N2: 20 | O2: 5 | P2: 5 | Q2: Low | R2: No
A3: 2 | B3: Аліна Шевченко | C3: alina@company.com | D3: +380671234568 | E3: 1990-07-22 | F3: Product Manager | G3: Product | H3: Іван Гнатюк | I3: 2023-06-10 | J3: 2023-07-10 | K3: Працює | M3: 85000 | N3: 15 | O3: 4 | P3: 4 | Q3: Low | R3: No
A4: 3 | B4: Наталя Бондар | C4: natalia@company.com | D4: +380671234569 | E4: 1992-11-08 | F4: HR Lead | G4: HR | I4: 2025-06-15 | J4: 2025-07-15 | K4: Працює | M4: 55000 | N4: 10 | O4: 4 | P4: 3 | Q4: Medium | R4: No | S4: Нова у компанії
A5: 4 | B5: Олена Приходько | C5: olena@company.com | D5: +380671234570 | E5: 2000-05-12 | F5: Junior Designer | G5: Design | H5: Аліна Шевченко | I5: 2025-12-27 | J5: 2026-06-27 | K5: Випробуванн | M5: 28000 | N5: 0 | O5: 0 | P5: 0 | Q5: High | R5: Yes | S5: Завершує випробув
A6: 5 | B6: Микита Сало | C6: mykyta@company.com | D6: +380671234571 | E6: 1998-01-30 | F6: Backend Dev | G6: Tech | H6: Іван Гнатюк | I6: 2026-01-09 | J6: 2026-07-09 | K6: Випробуванн | M6: 20000 | N6: 0 | O6: 0 | P6: 0 | Q6: Medium | R6: Yes
A7: 6 | B7: Дар'я Коваль | C7: darya@company.com | D7: +380671234572 | E7: 1997-08-19 | F7: QA Engineer | G7: QA | H7: Богдан Лук'яненко | I7: 2026-02-12 | J7: 2026-08-12 | K7: Випробуванн | M7: 18000 | N7: 0 | O7: 0 | P7: 0 | Q7: Medium | R7: Yes
A8: 7 | B8: Денис Яременко | C8: denys@company.com | D8: +380671234573 | E8: 1989-04-25 | F8: DevOps Engineer | G8: Tech | H8: Іван Гнатюк | I8: 2026-04-05 | J8: 2026-05-05 | K8: Працює | M8: 55000 | N8: 5 | O8: 3 | P8: 3 | Q8: Low | R8: No
A9: 8 | B9: Юлія Савченко | C9: julia@company.com | D9: +380671234574 | E9: 1995-09-10 | F9: Senior UX Designer | G9: Design | H9: Аліна Шевченко | I9: 2026-06-02 | J9: 2026-07-02 | K9: Працює | M9: 75000 | N9: 12 | O9: 4 | P9: 4 | Q9: Low | R9: No
A10: 9 | B10: Катерина Ліщук | C10: kateryna@company.com | D10: +380671234575 | E10: 1994-12-03 | F10: Middle Backend | G10: Tech | H10: Іван Гнатюк | I10: 2023-03-01 | J10: 2023-04-01 | K10: Працює | M10: 65000 | N10: 15 | O10: 4 | P10: 4 | Q10: Low | R10: No
A11: 10 | B11: Богдан Лук'яненко | C11: bogdan@company.com | D11: +380671234576 | E11: 1986-06-18 | F11: Lead QA | G11: QA | I11: 2020-10-01 | J11: 2020-11-01 | K11: Працює | M11: 70000 | N11: 15 | O11: 5 | P11: 4 | Q11: Low | R11: No
A12: 11 | B12: Сергій Ткач | C12: sergiy@company.com | D12: +380671234577 | E12: 1988-02-14 | F12: Backend Dev | G12: Tech | H12: Іван Гнатюк | I12: 2020-01-15 | J12: 2020-02-15 | K12: Звільнено | L12: 2026-04-01 | M12: 0 | N12: 0 | O12: 0 | P12: 0 | S12: Релокація

Sheet Історія
A1: ID | B1: ПІБ | C1: Дата | D1: Що змінилось | E1: Від | F1: До | G1: Причина
A2: 1 | B2: Іван Гнатюк | C2: 2024-06-03 | D2: Посада | E2: Senior Dev | F2: Tech Lead | G2: Promotion
A3: 1 | B3: Іван Гнатюк | C3: 2024-06-03 | D3: ЗП | E3: 65000 | F3: 80000 | G3: Promotion
A4: 2 | B4: Аліна Шевченко | C4: 2024-06-10 | D4: ЗП | E4: 60000 | F4: 85000 | G4: Performance increase
A5: 2 | B5: Аліна Шевченко | C5: 2024-06-10 | D5: KPI % | E5: 12 | F5: 15 | G5: Performance increase
A6: 9 | B6: Катерина Ліщук | C6: 2024-03-01 | D6: ЗП | E6: 55000 | F6: 65000 | G6: Promotion
A7: 9 | B7: Катерина Ліщук | C7: 2024-03-01 | D7: Посада | E7: Junior Backend | F7: Middle Backend | G7: Promotion
A8: 9 | B8: Катерина Ліщук | C8: 2024-03-01 | D8: KPI % | E8: 10 | F8: 15 | G8: Promotion
A9: 10 | B9: Богдан Лук'яненко | C9: 2024-10-01 | D9: ЗП | E9: 65000 | F9: 70000 | G9: Anniversary raise

Sheet Історія ЗП
A1: ID | B1: ПІБ | C1: Дата | D1: Базова ЗП | E1: KPI % | F1: Всього (ЗП+KPI) | G1: Причина зміни
A2: 1 | B2: Іван Гнатюк | C2: 2021-06-03 | D2: 65000 | E2: 12 | F2: 77000 | G2: Start
A3: 1 | B3: Іван Гнатюк | C3: 2024-06-03 | D3: 80000 | E3: 20 | F3: 100000 | G3: Promotion
A4: 2 | B4: Аліна Шевченко | C4: 2023-06-10 | D4: 60000 | E4: 12 | F4: 72000 | G4: Start
A5: 2 | B5: Аліна Шевченко | C5: 2024-06-10 | D5: 85000 | E5: 15 | F5: 100000 | G5: Performance increase
A6: 3 | B6: Наталя Бондар | C6: 2025-06-15 | D6: 55000 | E6: 10 | F6: 65000 | G6: Start
A7: 4 | B7: Олена Приходько | C7: 2025-12-27 | D7: 25000 | E7: 0 | F7: 25000 | G7: Intern start
A8: 4 | B8: Олена Приходько | C8: 2026-01-27 | D8: 28000 | E8: 0 | F8: 28000 | G8: Probation end
A9: 9 | B9: Катерина Ліщук | C9: 2023-03-01 | D9: 55000 | E9: 10 | F9: 65000 | G9: Start
A10: 9 | B10: Катерина Ліщук | C10: 2024-03-01 | D10: 65000 | E10: 15 | F10: 80000 | G10: Promotion
A11: 10 | B11: Богдан Лук'яненко | C11: 2020-10-01 | D11: 65000 | E11: 12 | F11: 77000 | G11: Start
A12: 10 | B12: Богдан Лук'яненко | C12: 2024-10-01 | D12: 70000 | E12: 15 | F12: 85000 | G12: Anniversary raise

Sheet Retention
A1: ID | B1: ПІБ | C1: Дата звільнення | D1: Причина звільнення | E1: Де тепер | F1: Контакт підтримувати | G1: Коментар
A2: 11 | B2: Сергій Ткач | C2: 2026-04-01 | D2: Релокація | E2: Unknown | F2: Yes | G2: Добрий фахівець, можна запросити назад
A3: 12 | B3: Олег Бабенко | C3: 2025-11-10 | D3: Власний проект | E3: Freelancer | F3: Yes | G3: Хороші відносини, можна залучати на проекти

Sheet Вакансії
A1: ID | B1: Назва вакансії | C1: Керівник | D1: Дата відкриття | E1: Дата закриття | F1: Статус | G1: Всього відгуків | H1: Скринінг HR | I1: Співбесіда HR | J1: Тестове завдання | K1: Співбесіда керівника | L1: Прийняті | M1: Ціна закриття (введи вручну) | N1: Дні відкрита | O1: Конверсія 1→2 (%) | P1: Конверсія 2→3 (%) | Q1: Конверсія 3→4 (%) | R1: Конверсія 4→5 (%)
A2: 1 | B2: Senior Backend Engineer | C2: Іван Гнатюк | D2: 2025-10-15 | E2: 2026-03-20 | F2: Закрита | G2: 24 | H2: 12 | I2: 7 | J2: 4 | K2: 2 | L2: 1 | N2: =IF(E2="",TODAY()-D2,E2-D2) | O2: =IF(G2=0,0,ROUND(H2/G2*100,1)) | P2: =IF(H2=0,0,ROUND(I2/H2*100,1)) | Q2: =IF(I2=0,0,ROUND(J2/I2*100,1)) | R2: =IF(J2=0,0,ROUND(K2/J2*100,1))
A3: 2 | B3: QA Engineer | C3: Богдан Лук'яненко | D3: 2026-02-01 | F3: Відкрита | G3: 8 | H3: 5 | I3: 3 | J3: 2 | K3: 1 | L3: 0 | N3: =IF(E3="",TODAY()-D3,E3-D3) | O3: =IF(G3=0,0,ROUND(H3/G3*100,1)) | P3: =IF(H3=0,0,ROUND(I3/H3*100,1)) | Q3: =IF(I3=0,0,ROUND(J3/I3*100,1)) | R3: =IF(J3=0,0,ROUND(K3/J3*100,1))
A4: 3 | B4: Product Designer | C4: Аліна Шевченко | D4: 2026-03-10 | F4: Резерв | G4: 0 | H4: 0 | I4: 0 | J4: 0 | K4: 0 | L4: 0 | N4: =IF(E4="",TODAY()-D4,E4-D4) | O4: =IF(G4=0,0,ROUND(H4/G4*100,1)) | P4: =IF(H4=0,0,ROUND(I4/H4*100,1)) | Q4: =IF(I4=0,0,ROUND(J4/I4*100,1)) | R4: =IF(J4=0,0,ROUND(K4/J4*100,1))

Sheet Дашборд
A1: ОГЛЯД КОМАНДИ
A3: КОМАНДА
A4: Всього співробітників | B4: ==COUNTIF(Люди!K:K,"Працює")+COUNTIF(Люди!K:K,"Випробуванн")
A5: Нових за період | B5: ==COUNTIFS(Люди!I:I,">="&DATE(2026,1,1),Люди!K:K,"Працює")
A6: Звільнених за період | B6: ==COUNTIFS(Люди!L:L,">="&DATE(2026,1,1),Люди!K:K,"Звільнено")
A7: Плинність кадрів (%) за 12м | B7: ==IF(COUNTIF(Люди!K:K,"Працює")+COUNTIF(Люди!K:K,"Випробуванн")=0,0,ROUND(COUNTIF(Retention!A:A,">0")/(COUNTIF(Люди!K:K,"Працює")+COUNTIF(Люди!K:K,"Випробуванн"))*100,1))
A8: На випробуванні | B8: ==COUNTIF(Люди!K:K,"Випробуванн")
A9: Закінчується випробування через 7 днів | B9: ==SUMPRODUCT((Люди!J2:J100<>"")*((Люди!J2:J100-TODAY())<=7)*((Люди!J2:J100-TODAY())>=0))
A11: ВИТРАТИ
A12: ФОП цього місяця | B12: ==SUMIFS(Люди!M:M,Люди!K:K,"Працює")+SUMIFS(Люди!N:N,Люди!K:K,"Працює")
A14: РЕКРУТИНГ
A15: Відкриті вакансії | B15: ==COUNTIFS(Вакансії!F:F,"Відкрита")
A16: Резервні вакансії | B16: ==COUNTIFS(Вакансії!F:F,"Резерв")
A17: Найнято за період | B17: ==COUNTIFS(Люди!I:I,">="&DATE(2026,1,1),Люди!K:K,"Працює")
